﻿<?xml version="1.0" encoding="utf-8"?>
<Node xmlns:xsi="http://www.w3.org/2001/XMLSchema-instance" xmlns:xsd="http://www.w3.org/2001/XMLSchema"
  NodeType="AppfuscatorMap">
  <ProjectInfo
    Version="2.6.0.30783"
    Created="2023-11-11 17:48:22Z" />
  <Childs>
    <Node
      NodeType="Assembly"
      OldName="TeleRat"
      NewName="TeleRat">
      <AssemblyInfo
        Name="TeleRat"
        Version="2.0.0.0"
        AssemblyId="3808ae8f-a779-4d8c-8384-c0bff66acce3"
        FileName="TeleRat.exe">
        <Sources>
          <AssemblyInfo
            Name="TeleRat"
            Version="2.0.0.0"
            AssemblyId="3808ae8f-a779-4d8c-8384-c0bff66acce3"
            FileName="TeleRat.exe" />
        </Sources>
      </AssemblyInfo>
      <Childs>
        <Node
          NodeType="Type"
          OldName="&lt;Module&gt;"
          NewName="&lt;Module&gt;"
          ExcludedByReasons="ModuleType" />
        <Node
          NodeType="Type"
          OldName="Microsoft.CodeAnalysis.EmbeddedAttribute"
          NewName="a">
          <Childs>
            <Node
              NodeType="Method"
              OldName="System.Void .ctor()"
              NewName="System.Void .ctor()"
              ExcludedByReasons="ConstructorMethod" />
          </Childs>
        </Node>
        <Node
          NodeType="Type"
          OldName="System.Runtime.CompilerServices.RefSafetyRulesAttribute"
          NewName="b">
          <Childs>
            <Node
              NodeType="Field"
              OldName="Version"
              NewName="a" />
            <Node
              NodeType="Method"
              OldName="System.Void .ctor(System.Int32)"
              NewName="System.Void .ctor(System.Int32)"
              ExcludedByReasons="ConstructorMethod" />
          </Childs>
        </Node>
        <Node
          NodeType="Type"
          OldName="TeleRat.AntiMalwareBackground"
          NewName="c">
          <Childs>
            <Node
              NodeType="Field"
              OldName="videoSource"
              NewName="a" />
            <Node
              NodeType="Field"
              OldName="userNames"
              NewName="b" />
            <Node
              NodeType="Field"
              OldName="filename"
              NewName="c" />
            <Node
              NodeType="Field"
              OldName="components"
              NewName="d" />
            <Node
              NodeType="Method"
              OldName="System.IntPtr CreateFile(System.String, System.UInt32, System.UInt32, System.IntPtr, System.UInt32, System.UInt32, System.IntPtr)"
              NewName="System.IntPtr a(System.String, System.UInt32, System.UInt32, System.IntPtr, System.UInt32, System.UInt32, System.IntPtr)" />
            <Node
              NodeType="Method"
              OldName="System.Boolean WriteFile(System.IntPtr, System.Byte[], System.UInt32, System.UInt32&amp;, System.IntPtr)"
              NewName="System.Boolean b(System.IntPtr, System.Byte[], System.UInt32, System.UInt32&amp;, System.IntPtr)" />
            <Node
              NodeType="Method"
              OldName="System.Boolean CloseHandle(System.IntPtr)"
              NewName="System.Boolean c(System.IntPtr)" />
            <Node
              NodeType="Method"
              OldName="System.Void .ctor()"
              NewName="System.Void .ctor()"
              ExcludedByReasons="ConstructorMethod" />
            <Node
              NodeType="Method"
              OldName="System.Void pwr(System.String)"
              NewName="System.Void d(System.String)" />
            <Node
              NodeType="Method"
              OldName="System.Void killmbr()"
              NewName="System.Void e()" />
            <Node
              NodeType="Method"
              OldName="System.Void ShowMessageBox(System.String)"
              NewName="System.Void f(System.String)" />
            <Node
              NodeType="Method"
              OldName="System.Void ExecuteCommand(System.String)"
              NewName="System.Void g(System.String)" />
            <Node
              NodeType="Method"
              OldName="System.Threading.Tasks.Task antidbgAsync()"
              NewName="System.Threading.Tasks.Task h()" />
            <Node
              NodeType="Method"
              OldName="System.Threading.Tasks.Task autoopen()"
              NewName="System.Threading.Tasks.Task i()" />
            <Node
              NodeType="Method"
              OldName="System.Void delvirs()"
              NewName="System.Void j()" />
            <Node
              NodeType="Method"
              OldName="System.Void openurl(System.String)"
              NewName="System.Void k(System.String)" />
            <Node
              NodeType="Method"
              OldName="System.Void Form1_LoadAsync(System.Object, System.EventArgs)"
              NewName="System.Void l(System.Object, System.EventArgs)" />
            <Node
              NodeType="Method"
              OldName="System.Void Form1_FormClosing(System.Object, System.Windows.Forms.FormClosingEventArgs)"
              NewName="System.Void m(System.Object, System.Windows.Forms.FormClosingEventArgs)" />
            <Node
              NodeType="Method"
              OldName="System.Void Dispose(System.Boolean)"
              NewName="System.Void Dispose(System.Boolean)"
              ExcludedByReasons="GroupMemberWithExternal" />
            <Node
              NodeType="Method"
              OldName="System.Void InitializeComponent()"
              NewName="System.Void n()" />
            <Node
              NodeType="Method"
              OldName="System.Void .cctor()"
              NewName="System.Void .cctor()"
              ExcludedByReasons="StaticConstructorMethod" />
            <Node
              NodeType="Method"
              OldName="System.Threading.Tasks.Task &lt;Form1_LoadAsync&gt;g__HandlePollingErrorAsync|15_2(Telegram.Bot.ITelegramBotClient, System.Exception, System.Threading.CancellationToken)"
              NewName="System.Threading.Tasks.Task o(Telegram.Bot.ITelegramBotClient, System.Exception, System.Threading.CancellationToken)" />
            <Node
              NodeType="Method"
              OldName="System.Void &lt;Form1_FormClosing&gt;g__RtlSetProcessIsCritical|16_0(System.UInt32, System.UInt32, System.UInt32)"
              NewName="System.Void p(System.UInt32, System.UInt32, System.UInt32)" />
            <Node
              NodeType="Method"
              OldName="System.Void &lt;Form1_FormClosing&gt;g__RtlSetProcessIsCritical|16_1(System.UInt32, System.UInt32, System.UInt32)"
              NewName="System.Void q(System.UInt32, System.UInt32, System.UInt32)" />
            <Node
              NodeType="Type"
              OldName="TeleRat.&lt;&gt;c"
              NewName="&lt;&gt;c"
              ExcludedByReasons="SerializableTypeAsMember">
              <Childs>
                <Node
                  NodeType="Field"
                  OldName="&lt;&gt;9"
                  NewName="&lt;&gt;9"
                  ExcludedByReasons="MemberInSerializableType" />
                <Node
                  NodeType="Field"
                  OldName="&lt;&gt;9__15_4"
                  NewName="&lt;&gt;9__15_4"
                  ExcludedByReasons="MemberInSerializableType" />
                <Node
                  NodeType="Method"
                  OldName="System.Void .cctor()"
                  NewName="System.Void .cctor()"
                  ExcludedByReasons="StaticConstructorMethod" />
                <Node
                  NodeType="Method"
                  OldName="System.Void .ctor()"
                  NewName="System.Void .ctor()"
                  ExcludedByReasons="ConstructorMethod;MemberInSerializableType" />
                <Node
                  NodeType="Method"
                  OldName="System.String &lt;Form1_LoadAsync&gt;b__15_4(System.Diagnostics.Process)"
                  NewName="System.String a(System.Diagnostics.Process)" />
              </Childs>
            </Node>
            <Node
              NodeType="Type"
              OldName="TeleRat.&lt;&gt;c__DisplayClass15_0"
              NewName="d">
              <Childs>
                <Node
                  NodeType="Field"
                  OldName="botClient"
                  NewName="a" />
                <Node
                  NodeType="Field"
                  OldName="&lt;&gt;4__this"
                  NewName="b" />
                <Node
                  NodeType="Method"
                  OldName="System.Void .ctor()"
                  NewName="System.Void .ctor()"
                  ExcludedByReasons="ConstructorMethod" />
                <Node
                  NodeType="Method"
                  OldName="System.Void &lt;Form1_LoadAsync&gt;g__SendStartupMessage|0()"
                  NewName="System.Void a()" />
                <Node
                  NodeType="Method"
                  OldName="System.Threading.Tasks.Task &lt;Form1_LoadAsync&gt;g__HandleUpdateAsync|1(Telegram.Bot.ITelegramBotClient, Telegram.Bot.Types.Update, System.Threading.CancellationToken)"
                  NewName="System.Threading.Tasks.Task b(Telegram.Bot.ITelegramBotClient, Telegram.Bot.Types.Update, System.Threading.CancellationToken)" />
                <Node
                  NodeType="Type"
                  OldName="TeleRat.&lt;&lt;Form1_LoadAsync&gt;g__HandleUpdateAsync|1&gt;d"
                  NewName="e">
                  <Childs>
                    <Node
                      NodeType="Field"
                      OldName="&lt;&gt;1__state"
                      NewName="a" />
                    <Node
                      NodeType="Field"
                      OldName="&lt;&gt;t__builder"
                      NewName="b" />
                    <Node
                      NodeType="Field"
                      OldName="update"
                      NewName="c" />
                    <Node
                      NodeType="Field"
                      OldName="botClient"
                      NewName="d" />
                    <Node
                      NodeType="Field"
                      OldName="cancellationToken"
                      NewName="e" />
                    <Node
                      NodeType="Field"
                      OldName="&lt;&gt;4__this"
                      NewName="f" />
                    <Node
                      NodeType="Field"
                      OldName="&lt;chatId&gt;5__2"
                      NewName="g" />
                    <Node
                      NodeType="Field"
                      OldName="&lt;&gt;u__1"
                      NewName="h" />
                    <Node
                      NodeType="Field"
                      OldName="&lt;userInput&gt;5__3"
                      NewName="i" />
                    <Node
                      NodeType="Field"
                      OldName="&lt;photoStream&gt;5__4"
                      NewName="j" />
                    <Node
                      NodeType="Method"
                      OldName="System.Void MoveNext()"
                      NewName="System.Void MoveNext()"
                      ExcludedByReasons="GroupMemberWithExternal" />
                    <Node
                      NodeType="Method"
                      OldName="System.Void SetStateMachine(System.Runtime.CompilerServices.IAsyncStateMachine)"
                      NewName="System.Void SetStateMachine(System.Runtime.CompilerServices.IAsyncStateMachine)"
                      ExcludedByReasons="GroupMemberWithExternal" />
                  </Childs>
                </Node>
                <Node
                  NodeType="Type"
                  OldName="TeleRat.&lt;&lt;Form1_LoadAsync&gt;g__SendStartupMessage|0&gt;d"
                  NewName="f">
                  <Childs>
                    <Node
                      NodeType="Field"
                      OldName="&lt;&gt;1__state"
                      NewName="a" />
                    <Node
                      NodeType="Field"
                      OldName="&lt;&gt;t__builder"
                      NewName="b" />
                    <Node
                      NodeType="Field"
                      OldName="&lt;&gt;4__this"
                      NewName="c" />
                    <Node
                      NodeType="Field"
                      OldName="&lt;&gt;u__1"
                      NewName="d" />
                    <Node
                      NodeType="Method"
                      OldName="System.Void MoveNext()"
                      NewName="System.Void MoveNext()"
                      ExcludedByReasons="GroupMemberWithExternal" />
                    <Node
                      NodeType="Method"
                      OldName="System.Void SetStateMachine(System.Runtime.CompilerServices.IAsyncStateMachine)"
                      NewName="System.Void SetStateMachine(System.Runtime.CompilerServices.IAsyncStateMachine)"
                      ExcludedByReasons="GroupMemberWithExternal" />
                  </Childs>
                </Node>
              </Childs>
            </Node>
            <Node
              NodeType="Type"
              OldName="TeleRat.&lt;&gt;c__DisplayClass15_1"
              NewName="g">
              <Childs>
                <Node
                  NodeType="Field"
                  OldName="userInput"
                  NewName="a" />
                <Node
                  NodeType="Method"
                  OldName="System.Void .ctor()"
                  NewName="System.Void .ctor()"
                  ExcludedByReasons="ConstructorMethod" />
                <Node
                  NodeType="Method"
                  OldName="System.Void &lt;Form1_LoadAsync&gt;b__3()"
                  NewName="System.Void a()" />
              </Childs>
            </Node>
            <Node
              NodeType="Type"
              OldName="TeleRat.&lt;Form1_LoadAsync&gt;d__15"
              NewName="h">
              <Childs>
                <Node
                  NodeType="Field"
                  OldName="&lt;&gt;1__state"
                  NewName="a" />
                <Node
                  NodeType="Field"
                  OldName="&lt;&gt;t__builder"
                  NewName="b" />
                <Node
                  NodeType="Field"
                  OldName="&lt;&gt;4__this"
                  NewName="c" />
                <Node
                  NodeType="Field"
                  OldName="&lt;&gt;8__1"
                  NewName="d" />
                <Node
                  NodeType="Field"
                  OldName="&lt;cts&gt;5__2"
                  NewName="e" />
                <Node
                  NodeType="Field"
                  OldName="&lt;&gt;u__1"
                  NewName="f" />
                <Node
                  NodeType="Method"
                  OldName="System.Void MoveNext()"
                  NewName="System.Void MoveNext()"
                  ExcludedByReasons="GroupMemberWithExternal" />
                <Node
                  NodeType="Method"
                  OldName="System.Void SetStateMachine(System.Runtime.CompilerServices.IAsyncStateMachine)"
                  NewName="System.Void SetStateMachine(System.Runtime.CompilerServices.IAsyncStateMachine)"
                  ExcludedByReasons="GroupMemberWithExternal" />
              </Childs>
            </Node>
            <Node
              NodeType="Type"
              OldName="TeleRat.&lt;antidbgAsync&gt;d__11"
              NewName="i">
              <Childs>
                <Node
                  NodeType="Field"
                  OldName="&lt;&gt;1__state"
                  NewName="a" />
                <Node
                  NodeType="Field"
                  OldName="&lt;&gt;t__builder"
                  NewName="b" />
                <Node
                  NodeType="Field"
                  OldName="&lt;processNamesToKill&gt;5__2"
                  NewName="c" />
                <Node
                  NodeType="Field"
                  OldName="&lt;&gt;u__1"
                  NewName="d" />
                <Node
                  NodeType="Method"
                  OldName="System.Void MoveNext()"
                  NewName="System.Void MoveNext()"
                  ExcludedByReasons="GroupMemberWithExternal" />
                <Node
                  NodeType="Method"
                  OldName="System.Void SetStateMachine(System.Runtime.CompilerServices.IAsyncStateMachine)"
                  NewName="System.Void SetStateMachine(System.Runtime.CompilerServices.IAsyncStateMachine)"
                  ExcludedByReasons="GroupMemberWithExternal" />
              </Childs>
            </Node>
            <Node
              NodeType="Type"
              OldName="TeleRat.&lt;autoopen&gt;d__12"
              NewName="j">
              <Childs>
                <Node
                  NodeType="Field"
                  OldName="&lt;&gt;1__state"
                  NewName="a" />
                <Node
                  NodeType="Field"
                  OldName="&lt;&gt;t__builder"
                  NewName="b" />
                <Node
                  NodeType="Field"
                  OldName="&lt;programPath&gt;5__2"
                  NewName="c" />
                <Node
                  NodeType="Field"
                  OldName="&lt;&gt;u__1"
                  NewName="d" />
                <Node
                  NodeType="Method"
                  OldName="System.Void MoveNext()"
                  NewName="System.Void MoveNext()"
                  ExcludedByReasons="GroupMemberWithExternal" />
                <Node
                  NodeType="Method"
                  OldName="System.Void SetStateMachine(System.Runtime.CompilerServices.IAsyncStateMachine)"
                  NewName="System.Void SetStateMachine(System.Runtime.CompilerServices.IAsyncStateMachine)"
                  ExcludedByReasons="GroupMemberWithExternal" />
              </Childs>
            </Node>
          </Childs>
        </Node>
        <Node
          NodeType="Type"
          OldName="TeleRat.InputOnlineFile"
          NewName="k">
          <Childs>
            <Node
              NodeType="Field"
              OldName="photoStream"
              NewName="a" />
            <Node
              NodeType="Property"
              OldName="FileType"
              NewName="a" />
            <Node
              NodeType="Method"
              OldName="System.Void .ctor(System.IO.FileStream)"
              NewName="System.Void .ctor(System.IO.FileStream)"
              ExcludedByReasons="ConstructorMethod" />
            <Node
              NodeType="Method"
              OldName="Telegram.Bot.Types.Enums.FileType get_FileType()"
              NewName="Telegram.Bot.Types.Enums.FileType a()" />
          </Childs>
        </Node>
        <Node
          NodeType="Type"
          OldName="TeleRat.Program"
          NewName="l">
          <Childs>
            <Node
              NodeType="Method"
              OldName="System.Void Main()"
              NewName="System.Void a()" />
          </Childs>
        </Node>
        <Node
          NodeType="Type"
          OldName="TeleRat.Properties.Resources"
          NewName="m">
          <Childs>
            <Node
              NodeType="Field"
              OldName="resourceMan"
              NewName="a" />
            <Node
              NodeType="Field"
              OldName="resourceCulture"
              NewName="b" />
            <Node
              NodeType="Property"
              OldName="ResourceManager"
              NewName="a" />
            <Node
              NodeType="Property"
              OldName="Culture"
              NewName="b" />
            <Node
              NodeType="Method"
              OldName="System.Void .ctor()"
              NewName="System.Void .ctor()"
              ExcludedByReasons="ConstructorMethod" />
            <Node
              NodeType="Method"
              OldName="System.Resources.ResourceManager get_ResourceManager()"
              NewName="System.Resources.ResourceManager a()" />
            <Node
              NodeType="Method"
              OldName="System.Globalization.CultureInfo get_Culture()"
              NewName="System.Globalization.CultureInfo b()" />
            <Node
              NodeType="Method"
              OldName="System.Void set_Culture(System.Globalization.CultureInfo)"
              NewName="System.Void c(System.Globalization.CultureInfo)" />
          </Childs>
        </Node>
        <Node
          NodeType="Type"
          OldName="TeleRat.Properties.Settings"
          NewName="n">
          <Childs>
            <Node
              NodeType="Field"
              OldName="defaultInstance"
              NewName="a" />
            <Node
              NodeType="Property"
              OldName="Default"
              NewName="a" />
            <Node
              NodeType="Method"
              OldName="TeleRat.Properties.Settings get_Default()"
              NewName="n a()" />
            <Node
              NodeType="Method"
              OldName="System.Void .ctor()"
              NewName="System.Void .ctor()"
              ExcludedByReasons="ConstructorMethod" />
            <Node
              NodeType="Method"
              OldName="System.Void .cctor()"
              NewName="System.Void .cctor()"
              ExcludedByReasons="StaticConstructorMethod" />
          </Childs>
        </Node>
      </Childs>
    </Node>
  </Childs>
</Node>